{
  "timestamp": "2025-10-10T09:25:58.968004",
  "metrics": {
    "f1_score": 0.8,
    "precision": 1.0,
    "recall": 0.6666666666666666,
    "mean_detection_delay_sec": 7.576915502548218,
    "p95_detection_delay_sec": 10.099421501159668,
    "hit_at_1": 0.6666666666666666,
    "hit_at_3": 0.6666666666666666,
    "hit_at_5": 0.6666666666666666
  },
  "counts": {
    "true_positives": 2,
    "false_positives": 0,
    "false_negatives": 1,
    "total_scenarios": 4
  },
  "note": "Placeholder metrics - integrate with live detection pipeline for real results"
}